Video Id,Title,Description,Category
u ua8t2evpa,top 10 beautiful places iireland essential irish travel guide xf0 x9f x87 xae xf0 x9f x87 xaa,traveling ireland northerireland dublito belfast everything ibetweethese top 10 essential,Travel Blogs
kt5l7orza70,closer china china science technology latecomer catches 01 24 2016,closer china examines science transforming china aexclusive interview pioneer china science xc2 xa0,Science and Technology
ra9zl3qj4mq,viking warrior womeexist history,viking warrior womewere thought stuff legends 2017 dna analysis proves real historychannel xc2 xa0,History
ittcok6o78,moderhistory part 02 xe0 xa4 xb8 xe0 xa4 xae xe0 xa5 x8d xe0 xa4 xaa xe0 xa5 x82 xe0 xa4 xb0 xe0 xa5 x8d xe0 xa4 xa3 xe0 xa4 x86 xe0 xa4 xa7 xe0 xa5 x81 xe0 xa4 xa8 xe0 xa4 xbf xe0 xa4 x95 xe0 xa4 xad xe0 xa4 xbe xe0 xa4 xb0 xe0 xa4 xa4 xe0 xa4 x95 xe0 xa4 xbe xe0 xa4 x87 xe0 xa4 xa4 xe0 xa4 xbf xe0 xa4 xb9 xe0 xa4 xbe xe0 xa4 xb8 master video,facebook page https www facebook com rpastudycircle offline address azad ias academy satyam enclave opposite xc2 xa0,History
v2jk8pclzwg,level 9999 street food idhaka bangladesh braifry king best street food ibangladesh,street food ibangladesh amazing check https expressvpcom thefoodranger 3 months free w 1 year pack 49,Food
rrjbuf6zoik,babyfirst art music,,Art and Music
jjrro_qrwty,greatest paintings classical music together complete,michelangelo mozart renoir chopigainsborough mendelssohraphael bach da vinci beethovexc2 xa0,Art and Music
lncmqty3bea,mcdonald burger king kfc burger eating challenge burger eating competitiofood challenge,https www workindia idl yt viwafoodworld emp dosto kya aap ko office ke liye staff chahie ya phir aapke hr ya boss ko staff xc2 xa0,Food
0izz9t9_qak,eating egg curry rice fatboy asmr eating indiafood,instagram https www instagram com fatboy35690 twitter https twitter com fatboyasmr xc2 xa0,Food
8xdhp_fqob0,beautiful paintings beautiful classical music,beautiful selected paintings combine best classical music list paintings long post xc2 xa0,Art and Music
jl3goxa5vbm,science technology itelugu bits competitive exams practice bits part 1,important 1000 practice bits iscience technology itelugu competitive exams practice bits online,Science and Technology
u5lyl4dm5c4,street food imalaysia ultimate malaysiafood ikuala lumpur,thanks oh media https www youtube com channel ucgmykbxsqjlemcdemwazi1a nsubscribe http bit ly markwienssubscribe,Food
4v9g2arswus,food isri lanka 1 5 kg monster cracurry family recipe icolombo sri lanka,best sri lanka food tour hungry tourist https www instagram com hungry tourist nsubscribe http bit ly,Food
foxw8zhauoc,know michael jacksos history sexual abuse allegations,leaving neverland new documentary detailing sexual abuse allegations wade robsoand james safechuck xc2 xa0,History
xsh5kljjo8q,special class 45 days tackle science technology upsc 2019 prelims romasaini,follow romasaini ounacademy https goo gl rwxeym special classes click https goo gl dktdrixc2 xa0,Science and Technology
x7hpg9ezry0,sanjeev abhyankar rakesh chaurasia hindustani classical music idea jalsa art artistes,sanjeev abhyankar rakesh chaurasia rendered hindustani classical music vocals oflute respectively idea jalsa xc2 xa0,Art and Music
fczyxumyaei,ssc std 10 science technology march paper solutio2019 vignaand technology paper 09 03 2019,ssc2019 please follow iunacadamy channel https unacademy com user nakumharish25 xc2 xa0,Science and Technology
uun6zu3epg0,satisfying manufacturing process never seebefore,watching satisfying manufacturing process videos probably easiest way relax instantly since stressed oa xc2 xa0,Manufacturing
yzbl0lthdiy,xe0 xa4 x95 xe0 xa5 x81 xe0 xa4 xb2 xe0 xa4 xb2 xe0 xa4 xbe xe0 xa4 x97 xe0 xa4 xa4 xe0 xa4 xae xe0 xa4 xbe xe0 xa4 xa4 xe0 xa5 x8d xe0 xa4 xb0 xe2 x82 xb917000 xe0 xa4 xb0 xe0 xa5 x81 xe0 xa4 xaa xe0 xa4 xaf xe0 xa5 x87 xe0 xa4 xb9 xe0 xa4 xb0 xe0 xa4 xb0 xe0 xa5 x8xe0 xa4 x9c xe0 xa4 xae xe0 xa5 x81 xe0 xa4 xa8 xe0 xa4 xbe xe0 xa4 xaxe0 xa4 xbc xe0 xa4 xbe xe2 x82 xb95600 xe0 xa4 xb0 xe0 xa5 x81 xe0 xa4 xaa xe0 xa4 xaf xe0 xa5 x87 belt manufacturing business ideas 2019,hello dosto mai hu prem mishra maine ye video aapke liye banaya hai aur ummed karta hu aapko ye video pasand aaya hoga,Manufacturing
hhl ewmk4ss,lecture 3 sci tech current affairs revisiofor prelim 2019 upsc cse ias,please like unlike video subscribe http www onlyias com like us https www facebook com onlyias02,Science and Technology
9ukvi6_fm4g,claude debussy classical music reading studying relaxatioclair de lune piano pieces,video completely created owall necessary rights npiano music claude debussy relaxatio,Art and Music
tox0ed2zmsw,gold manufacture process discover heavyweight productions global technology,watch video want know gold manufacture process discover heavyweight productions global technology xc2 xa0,Manufacturing
tsklrf2gw1s,great masterpieces art music,skip art museum come experience xe2 x80 x9cgreat masterpieces xe2 x80 x9d wide ranging collectioof world beautiful xc2 xa0,Art and Music
lvimrsh1o_4,ancient aliens roswell debris seaso11 history,roswell researchers suggest government sanctioned bond secrecy preventing witnesses roswell ufo crash xc2 xa0,History
ep82cmksq5y,science technology current affairs 2018 january june xe0 xa4 xb5 xe0 xa4 xbf xe0 xa4 x9c xe0 xa5 x8d xe0 xa4 x9e xe0 xa4 xbe xe0 xa4 xa8 xe0 xa4 xaa xe0 xa5 x8d xe0 xa4 xb0 xe0 xa5 x8c xe0 xa4 xa6 xe0 xa5 x8d xe0 xa4 xaf xe0 xa5 x8xe0 xa4 x97 xe0 xa4 xbf xe0 xa4 x95 xe0 xa5 x80 2018,one liner video http www myexamnotes com 2018 07 science technology current affairs 2018 html check,Science and Technology
ox7wjjy6rgg,romanticism ithe art music,placido domingo luciano pavarotti icantique de noel painter composer 00 00 friedrich gauerman1773 1843 xc2 xa0,Art and Music
psnxa5hregc,indiahistory ancient history xe0 xa4 xaa xe0 xa5 x8d xe0 xa4 xb0 xe0 xa4 xbe xe0 xa4 x9a xe0 xa5 x80 xe0 xa4 xa8 xe0 xa4 xad xe0 xa4 xbe xe0 xa4 xb0 xe0 xa4 xa4,ancient history india ihindi indiahistory questions answers competitive exams indiahistory video ihindi indiaxc2 xa0,History
hlumfvkadhk,florence harding mrs president history,find florence harding america first feminist first lady helped put husband ithe white house historychannel xc2 xa0,History
kqh2mmx2ouc,clay pot muttocurry prepared daddy arumugam village food factory,village food factory,Food
ywfaetethq4,science technologies class 1 icoindia,usefull types exams,Science and Technology
jxs7pkxgypi,las abuelas de plaza de mayo history,humarights organizatiolas abuelas de plaza de mayo fight find grandchildrewho kidnapped argentina xc2 xa0,History
g 7rk9cmxis,travel philippines,favourite country ever traveled simply must put philippines oyour bucket list xc2 xa0,Travel Blogs
5pn8qakl0v4,fast extreme automatic car manufacturing factory modermercedes benz assembly technology,fast extreme automatic car manufacturing factory modermercedes benz assembly technology mercedes benz c class xc2 xa0,Manufacturing
ho32oh6b4jc,one directioperfect official video,one directios official music video perfect featured omade ithe listeospotify http smarturl madamsp click xc2 xa0,History
b0dvyhxeka,science technology hareesh academy general science,science technology general science competitive exams scienceandtechnology xc2 xa0,Science and Technology
yjmp8cozbio,one directiohistory official video,one directios official music video history featured omade ithe listeospotify http smarturl madamsp click xc2 xa0,History
mygg9yopkjq,big bang theory evolutioof universe space science technology,universe created come seemingly infinite place know today become xc2 xa0,Science and Technology
2m8n2ufxtw0,fast extreme automatic bullet productiofactory amazing moderammunitiomanufacturing process,fast extreme automatic bullet productiofactory amazing moderammunitiomanufacturing process,Manufacturing
5rqx2wqmxtg,200 year old street food iindia old gold indiastreet food idelhi india best curry,best indiastreet food iold delhi chandni chowk nindia day 1 https www youtube com watch v 3nqdyms5p9a 6s nindia,Food
gwcxe hkvgw,art music romantic era rachmaninoff chopibrahms romanticism,turosubtitles informatioabout paintings na journey romantic era ithree brilliant musical,Art and Music
unuiazleq5c,healing flute meditatiomusic positive energy art living,official youtube channel art living nto subscribe click nhttps bit ly youtube aol nabout,Art and Music
c6txk8lxg1o,creative brains music art emotio,visit http www uctv tv joithe director ucsf memory aging center dr bruce miller neurology research scientist xc2 xa0,Art and Music
f59ddek57i0,exploring bhutathe travel vlog,finally vlog brief video bhutai uploading individual videos places visited xc2 xa0,Travel Blogs
3fmzirsimc,fine art screensaver flatscree2 hours classical music xe2 x99 xa,tag favorite painting comment featuring timestamp view slideshow sound go xc2 xa0,Art and Music
ychdow7wvsw,jeanine pirro xe2 x80 x99s history controversial comments oislam,fox news released statement march 11 xe2 x80 x9cstrongly condemning xe2 x80 x9d comments made host jeanine pirro referencing rep,History
khgf0rhwwdq,homemade vs fast food iout fries xe2 x80 xa2 tasty,wanna animal style life want tasty check merch https amzto 2gj2xvv follow alix traeger,Food
xecg5wa5h_a,bolt nut manufacturing process,made video show process bolt nut manufacturing take quick tour shop follow aorder large xc2 xa0,Manufacturing
ewba1foq96c,madagascar street food super rare malagasy village food,giant aliesnail ijapaxc2 xbhttps youtu 5jcgwu gvm4 go oyour tour madagascar,Food
f3nwvuv8md8,welcome future,theories technology ofteattempt predict future technology based othe high technology science time,Science and Technology
i9e_blai8vk,travel vlog xe2 x88 x99 welcome bali priscilla lee,chance fly bali whole family thanksgiving first ever trip abroad wanted document xc2 xa0,Travel Blogs
13e5azgdk1k,fine art music painting peaceful selectiocalm melodies beautiful pictures,calm melodies beautiful pictures debussy milena stanisic piano flute harp flowers sailing mediterraneaxc2 xa0,Art and Music
ij9evnt8fi0,street food tour mahim mumbai street food india baba falooda tandoori chai muttochickekaba,like video subscribe us https goo gl skv5yy disclaimer video sponsored anyone mahim khau galli xc2 xa0,Food
8iebawvwp84,ssc board science technology paper solutio2019 std 10 gujarati medium answer key,ssc board science technology paper solutio2019 std 10 gujarati medium answer key,Science and Technology
2cbokdtbz9k,std 10 science technology paper solutio9 03 2019 dhora10 vigyapaper solutiobord exam,std 10 bord exam science technology imp xe0 xaa xb2 xe0 xax87 xe0 xaa xa8 xe0 xax8d xe0 xaa xb8 xe0 xaa xa8 xe0 xax81 xe0 xaa x82 xe0 xaa xb8 xe0 xax82 xe0 xaa xa4 xe0 xax8d xe0 xaa xb0 xe0 xaa x85 xe0 xaa xa8 xe0 xax87 xe0 xaa x86 xe0 xaa x95 xe0 xax83 xe0 xaa xa4 xe0 xaa xbf xe0 xaa xaa xe0 xaa xa6 xe0 xax8d xe0 xaa xa7 xe0 xaa xa4 xe0 xaa xbf std 10 imp march 2019 xc2 xa0,Science and Technology
x0u2f4dapsk,music concentratiobest playlist painting studying reading meditatiorelaxing,subscribe channel http bit ly 1gyrcmz https www facebook com yourelaxingchannel music concentratiobest xc2 xa0,Art and Music
rcmrbnrk jy,200 days trip around world travel film,wife traveled 17 countries i200 days film story incredible trip enjoy used gopro nikoxc2 xa0,Travel Blogs
tjs15w3zusu,6500 xe0 xa4 xaa xe0 xa5 x8d xe0 xa4 xb0 xe0 xa4 xa4 xe0 xa4 xbf xe0 xa4 xa6 xe0 xa4 xbf xe0 xa4 xa8 xe0 xa4 x95 xe0 xa4 xae xe0 xa4 xbe xe0 xa4 xaf xe0 xa5 x87 xe0 xa4 x82 paper cup manufacturing business paper cup machine start business,6500 xe0 xa4 xaa xe0 xa5 x8d xe0 xa4 xb0 xe0 xa4 xa4 xe0 xa4 xbf xe0 xa4 xa6 xe0 xa4 xbf xe0 xa4 xa8 xe0 xa4 x95 xe0 xa4 xae xe0 xa4 xbe xe0 xa4 xaf xe0 xa5 x87 xe0 xa4 x82 paper cup manufacturing business paper cup machine start business please subscribe xc2 xa0,Manufacturing
1b8xixkd9kk,art music painting vagogh ocaggiano floridia boito mahler brahms music,buy xe2 x80 x9cart music painting vagogh oocaggiano floridia boito mahler bramhs music xe2 x80 x9d mp3 album othe official xc2 xa0,Art and Music
sl_yblwdzb8,welcome peru best essential tips travel guide,welcome peru essential travel guide show best essential tips peru one latiamerica incredible,Travel Blogs
sbo5cchnvys,science technology xe0 xa4 xb5 xe0 xa4 xbf xe0 xa4 x9c xe0 xa5 x8d xe0 xa4 x9e xe0 xa4 xbe xe0 xa4 xa8 xe0 xa4 x82 xe0 xa4 x8f xe0 xa4 xb5 xe0 xa4 x82 xe0 xa4 xaa xe0 xa5 x8d xe0 xa4 xb0 xe0 xa5 x8xe0 xa4 xa7 xe0 xa5 x8xe0 xa4 x97 xe0 xa4 xbf xe0 xa4 x95 xe0 xa5 x80 foundatiocourse ncert books trented,ithis sessioibrief discussiooscience technology xe0 xa4 xb5 xe0 xa4 xbf xe0 xa4 x9c xe0 xa5 x8d xe0 xa4 x9e xe0 xa4 xbe xe0 xa4 xa8 xe0 xa4 x82 xe0 xa4 x8f xe0 xa4 xb5 xe0 xa4 x82 xe0 xa4 xaa xe0 xa5 x8d xe0 xa4 xb0 xe0 xa5 x8xe0 xa4 xa7 xe0 xa5 x8xe0 xa4 x97 xe0 xa4 xbf xe0 xa4 x95 xe0 xa5 x80 xe0 xa4 xaa xe0 xa4 xb0 xe0 xa4 x9a xe0 xa4 xb0 xe0 xa5 x8d xe0 xa4 x9a xe0 xa4 xbe learmore xc2 xa0,Science and Technology
ijlcgwqge8m,science tech xe0 xa4 xb5 xe0 xa4 xbf xe0 xa4 x9c xe0 xa5 x8d xe0 xa4 x9e xe0 xa4 xbe xe0 xa4 xa8 xe0 xa4 x8f xe0 xa4 xb5 xe0 xa4 x82 xe0 xa4 xaa xe0 xa5 x8d xe0 xa4 xb0 xe0 xa5 x8c xe0 xa4 xa6 xe0 xa5 x8d xe0 xa4 xaf xe0 xa5 x8xe0 xa4 x97 xe0 xa4 xbf xe0 xa4 x95 xe0 xa5 x80 xe0 xa4 x95 xe0 xa4 xb0 xe0 xa5 x87 xe0 xa4 x82 xe0 xa4 x9f xe0 xa4 x85 xe0 xa4 xaxe0 xa5 x87 xe0 xa4 xaf xe0 xa4 xb0 xe0 xa5 x8d xe0 xa4 xb8 isro missions nasa etc mcq pdf,notes http www myexamnotes com 2019 01 science technology current affairs html nscience technology current affairs,Science and Technology
engb3ryugse,captaimarvel makes box office history charting da,damurrell loharris discuss massive debut captaimarvel box office news xe2 x96 xbxe2 x96 xbbsubscribe,History
ugmrqfv1lhy,lecture 7 science tech current affairs revisiofor prelim 2019 ias upsc cse,joithe political science mains booster course video onlyias idownload pdf https onlyiasnothingelse xc2 xa0,Science and Technology
taz3bctl_ky,eat wear challenge food eating challenge food eating competitiofood challenge,download nostra pro app safe secret app make money sports link https nstra pro gjjav8acku available android xc2 xa0,Food
dn5rj_lkzjw,street food ibangladesh ultimate old dhaka street food tour bengali street food heave,street food ibangladesh amazing check https expressvpcom thefoodranger 3 months free w 1 year pack 49,Food
5mwjq2bsd9q,improvised piano music emotional art therapy featuring erica orth,whewatching special episode perfect note keep imind every single note heard stroke paint seeithis xc2 xa0,Art and Music
23ylz5_96xu,peaceful creative focus music reading study artistic work gentle soothing music,wishing better sleep peaceful meditations sleep inspired living click subscribe channel xc2 xa0,Art and Music
xbyxrfud aq,try laugh food eating challenge maggi challenge food eating competitiofood challenge,hello friends ithis video brother going try laugh food eating challenge iour upcoming vlogs xc2 xa0,Food
dqu64x6nngo,indiamusic part 1 art culture upsc,download notes http sh st pnbsp indiaart culture study material xc2 xa0,Art and Music
h0xkygux3zi,chinese street food liuhe tourist night market,trying many different kinds chinese street food liuhe tourist night market located south taiwaliuhe tourist night market xc2 xa0,Food
iotzmvq1qqw,lunch xe2 x82 xb9 5 dadi ki rasoi street food sector 29 noida,address shop 39 block ganga shopping complex sector 29 noida uttar pradesh 201301 lunch xe2 x82 xb9 5 dadi ki xc2 xa0,Food
fpiqmhxdzog,space technology class 1 xe0 xb0 x85 xe0 xb0 x82 xe0 xb0 xa4 xe0 xb0 xb0 xe0 xb0 xbf xe0 xb0 x95 xe0 xb1 x8d xe0 xb0 xb7 xe0 xb0 x82 science technology group 1 group 2 jl dl,tspsc appsc online classes itelugu medium group 1 group 2 group 3 group 4 je aee xc2 xa0,Science and Technology
_jw9coolori,xe0 xa4 x9c xe0 xa4 xae xe0 xa5 x8d xe0 xa4 xae xe0 xa5 x82 xe0 xa4 x95 xe0 xa4 xb6 xe0 xa5 x8d xe0 xa4 xae xe0 xa5 x80 xe0 xa4 xb0 xe0 xa4 x95 xe0 xa4 xbe xe0 xa4 xaa xe0 xa5 x82 xe0 xa4 xb0 xe0 xa4 xbe xe0 xa4 x87 xe0 xa4 xa4 xe0 xa4 xbf xe0 xa4 xb9 xe0 xa4 xbe xe0 xa4 xb8 xe0 xa4 xb6 xe0 xa5 x81 xe0 xa4 xb0 xe0 xa5 x82 xe0 xa4 xb8 xe0 xa5 x87 xe0 xa4 xb2 xe0 xa5 x87 xe0 xa4 x95 xe0 xa4 xb0 xe0 xa4 x86 xe0 xa4 x9c xe0 xa4 xa4 xe0 xa4 x95 history jammu kashmir state ihindi,ithis video talk jammu kashmir ancient history kashmir whewhom rulers ruled,History
zldtz2lbtoi,quick egg stuffed healthy snacks indiastyle french toast mumbai street food,quick egg stuffed healthy snacks indiastyle french toast mumbai street food egg lovers must visit place place xc2 xa0,Food
0spwwprugia,42 foods need eat die,ultimate must try food bucket list burgers dipped icheese classic ny cheesecakes edible cookie dough xc2 xa0,Food
pcf9xwmduvi,rakesh chaurasia raag hemavati flute hindustani classical indiamusic art artistes,watch maestro rakesh chaurasia spectacular performance raag hemavati oflute enjoy hindustani classical instrumental xc2 xa0,Art and Music
yqejtvyilla,cayou travel bali 100 keeping paradise affordable,bali cabe traveled affordably today put real test far cawe stretch 100 usd visiting xc2 xa0,Travel Blogs
bgjvbnu tpa,xe0 xa4 x95 xe0 xa5 x8d xe0 xa4 xaf xe0 xa5 x82 xe0 xa4 x81 xe0 xa4 x86 xe0 xa4 xaf xe0 xa5 x87 xe0 xa4 xa5 xe0 xa5 x87 xe0 xa4 xae xe0 xa5 x81 xe0 xa4 x98 xe0 xa4 xb2 xe0 xa4 xad xe0 xa4 xbe xe0 xa4 xb0 xe0 xa4 xa4 xe0 xa4 xae xe0 xa5 x87 xe0 xa4 x82 xe0 xa4 x9c xe0 xa4 xbe xe0 xa4 xa8 xe0 xa4 xbf xe0 xa4 xaf xe0 xa5 x87 xe0 xa4 x85 xe0 xa4 xb8 xe0 xa4 xb2 xe0 xa5 x80 xe0 xa4 xaf xe0 xa4 xa4 xe0 xa4 x87 xe0 xa4 xa4 xe0 xa4 xbf xe0 xa4 xb9 xe0 xa4 xbe xe0 xa4 xb8 xe0 xa4 x95 xe0 xa5 x80 history india,xe0 xa4 x95 xe0 xa5 x8d xe0 xa4 xaf xe0 xa5 x82 xe0 xa4 x81 xe0 xa4 x86 xe0 xa4 xaf xe0 xa5 x87 xe0 xa4 xa5 xe0 xa5 x87 xe0 xa4 xae xe0 xa5 x81 xe0 xa4 x98 xe0 xa4 xb2 xe0 xa4 xad xe0 xa4 xbe xe0 xa4 xb0 xe0 xa4 xa4 xe0 xa4 xae xe0 xa5 x87 xe0 xa4 x82 xe0 xa4 x9c xe0 xa4 xbe xe0 xa4 xa8 xe0 xa4 xbf xe0 xa4 xaf xe0 xa5 x87 xe0 xa4 x85 xe0 xa4 xb8 xe0 xa4 xb2 xe0 xa5 x80 xe0 xa4 xaf xe0 xa4 xa4 xe0 xa4 x87 xe0 xa4 xa4 xe0 xa4 xbf xe0 xa4 xb9 xe0 xa4 xbe xe0 xa4 xb8 xe0 xa4 x95 xe0 xa5 x80 history india mughal empire also referred,History
uinv6grwyck,thunder omlet soft drink icrazy egg dish indiastreet food,must tried many varieties omlet bet never tried cold drink egg dish surat city diamond xc2 xa0,Food
npfrngdfsq8,girls 200 pani puri golgappa eating challenge pani puri competitiofood challenge india ep 143,website link https www noxinfluencer com utm_source wnreal_time sucount xc2 xa0,Food
g0mdv5ah64,inside biryani full goat biryani prepared daddy arumugam village food factory,village food factory,Food
x8a281mmtqk,science technology demo class group 1 group 2 general studies,tspsc appsc online classes itelugu medium group 1 group 2 group 3 group 4 je aee xc2 xa0,Science and Technology
7byobjyxu0k,5 steps becoming travel blogger,travel blogger nikki vargas pithe map project voted top 100 travel blog i2015 shares best tips getting started xc2 xa0,Travel Blogs
942scy6d7ku,top 10 youtube travellers,hello welcome topx count dowthe best youtube offer today taking around,Travel Blogs
6n2uht5xalc,bharat ki baat ep fifteel pallavi joshi l science technology part 1,ithis episode bharatkibaat pallavi joshi tells india success iscience technology breakthrough innovations ixc2 xa0,Science and Technology
ethqihptd2i,travel vlog santorini greece,thank much watching hope found travel outfit inspiratiofor next trip watch travel videos xc2 xa0,Travel Blogs
i5f7xh9co8u,exploring varanasi benaras travel vlog 1,spent aincredible week exploring beautiful city varanasi walking colourful gullies relaxing,Travel Blogs
sryslbdtt90,31 insanely affordable budget travel destinations visit,extensive list shows 31 cheapest budget travel destinations ithe world alex marko vagabrothers give,Travel Blogs
e2nqe41j5em,travel much earmoney,subscribe https goo gl detsmj mountaintrekker gimbal https goo gl frwci2 query feel free ask xc2 xa0,Travel Blogs
davaeof5hrk,arnold sch xc3 xb6nberg wassily kandinsky music art get one,early years 20th century signed terrific advance ithe physical sciences special 1905 general 1916 xc2 xa0,Art and Music
yvn79rv0f48,backpacking imeghalaya northeast india trip sohra living roots bridge tanya khanijow,ithis video explored north east india starting guwahati shillong cherrapunji sohra double decker living roots xc2 xa0,Travel Blogs
